{
  "areaUnderROC_test_data": {
    "evaluator_class": "pyspark.ml.evaluation.BinaryClassificationEvaluator",
    "params": {
      "labelCol": "y_Index",
      "metricName": "areaUnderROC",
      "numBins": 1000,
      "rawPredictionCol": "rawPrediction"
    }
  },
  "weightedPrecision_test_data": {
    "evaluator_class": "pyspark.ml.evaluation.MulticlassClassificationEvaluator",
    "params": {
      "beta": 1.0,
      "eps": 1e-15,
      "labelCol": "y_Index",
      "metricLabel": 0.0,
      "metricName": "weightedPrecision",
      "predictionCol": "prediction",
      "probabilityCol": "probability"
    }
  },
  "weightedRecall_test_data": {
    "evaluator_class": "pyspark.ml.evaluation.MulticlassClassificationEvaluator",
    "params": {
      "beta": 1.0,
      "eps": 1e-15,
      "labelCol": "y_Index",
      "metricLabel": 0.0,
      "metricName": "weightedRecall",
      "predictionCol": "prediction",
      "probabilityCol": "probability"
    }
  }
}